2526993038, FarhanMustafa90, Reasons: default, egghead, no description, 
2270340086, 868921, Reasons: default, egghead, no description, 
2215136444, jarey77, Reasons: default, egghead, no description, 
294431816, art_byte, Reasons: default, egghead, no description, 
1251626592, K14Abrn, Reasons: default, egghead, no description, 
2532693259, klaarreezz_, Reasons: default, egghead, no description, 
2690980410, Gamer_0161, Reasons: default, egghead, no description, no followers, 
1897414736, Dulat150188, Reasons: default, no description, no followers, 
2422324886, vlobuhov, Reasons: default, egghead, no description, no followers, 
546972518, mahmoudsharifi, Reasons: default, egghead, no description, 
2565732476, bigboobsbpicdai, Reasons: default, egghead, no description, 
2158715228, Jimmy_Neutron_x, Reasons: default, no description, no followers, 
2611093428, saynu2010, Reasons: default, egghead, no description, 
2685124297, odlfhfgxz, Reasons: default, no description, no followers, 
2245658659, lapynenok1, Reasons: default, egghead, no description, 
951007386, larisakisa9, Reasons: default, egghead, no description, 
386448009, andrei_bausov, Reasons: default, egghead, no description, 
225149667, Lesya12, Reasons: default, egghead, no description, 
562755308, tomacosanptw, Reasons: default, egghead, max followings, 
1511191562, ZavenMinasyan, Reasons: default, egghead, no description, 
2483022368, nasahiro1, Reasons: default, egghead, no description, 
2867999640, hafooo1419, Reasons: default, egghead, no description, 
1555524606, Fedyok007, Reasons: default, egghead, no description, 
2732096074, gymaholic12, Reasons: default, egghead, no description, 
2880813444, park_sung2, Reasons: default, egghead, no description, 
459175445, alonekoc, Reasons: default, egghead, no description, no followers, 
2464538707, yujin8924, Reasons: default, egghead, no description, no followers, 
2881708434, RothLeta, Reasons: default, no description, no followers, 
2742121445, pevurghapt, Reasons: default, no description, no followers, 
2745150205, gsiperrz, Reasons: default, egghead, no description, 
282416455, talkvn, Reasons: default, egghead, no description, 
2637772363, baskebaske4869, Reasons: default, egghead, no description, 
2550254581, Yuya100902, Reasons: default, egghead, no description, 
2744964362, speed_ho_max, Reasons: default, egghead, no description, 
2315518248, Gdeamon, Reasons: default, egghead, no description, no followers, 
2296221362, dragelnikolai, Reasons: default, egghead, no description, no followers, 
617280530, alresch, Reasons: default, egghead, no description, no followers, 
495783370, ShurikSas, Reasons: default, egghead, no description, no followers, 
2637220651, dzaky_doang, Reasons: default, no description, no followers, 
2826403752, sosug5, Reasons: default, egghead, no description, 
2843676625, asx44667gh, Reasons: default, egghead, no description, 
2876534119, 5vncx7c441l, Reasons: default, egghead, no description, no followers, 
2668937097, juliapashko7385, Reasons: default, egghead, no description, 
632929566, 512_Brooke, Reasons: default, egghead, no description, no followers, 
2749602979, tei5569, Reasons: default, egghead, no description, no followers, 
2319892813, tumetrai84, Reasons: default, egghead, no description, 
2563320013, handjobspicsdai, Reasons: default, egghead, no description, 
521596968, ShaunaJorg, Reasons: default, egghead, no description, 
1331956345, VladGars2000, Reasons: default, egghead, no description, 
1557680022, TanyaAbuzyarova, Reasons: default, egghead, no description, 
1260887394, mymmy11, Reasons: default, no description, no followers, 
2276578928, sasha57rus1, Reasons: default, egghead, no description, 
2761323940, 8952119523, Reasons: default, egghead, no description, no followers, 
1852082388, alexandrt11, Reasons: default, egghead, no description, no followers, 
195884861, fabianroil, Reasons: default, egghead, no description, 
2706162258, UUuUm1qbo0z1y9V, Reasons: default, egghead, no description, 
2288828199, ovodlena, Reasons: default, no description, no followers, 
1696905932, krivenkovvm, Reasons: default, egghead, no description, 
522071723, gladik005, Reasons: default, egghead, no description, 
2844836093, geobalad_ouest, Reasons: default, egghead, no description, no followers, 
2742142364, em482, Reasons: default, no description, no followers, 
201460893, miron2011, Reasons: egghead, no description, no followers, 
2352353805, petrov13957, Reasons: default, egghead, no description, 
1108557134, yah_lana, Reasons: default, egghead, no description, no followers, 
2754174546, Shenteklera, Reasons: default, no description, no followers, 
2188348134, daas771, Reasons: default, egghead, no description, no followers, 
2479687327, sevada2022, Reasons: default, egghead, no description, 
2661891000, Marina110173, Reasons: default, egghead, no description, no followers, 
303743947, Boy92Hay, Reasons: default, egghead, no description, 
2843501597, sassastore, Reasons: default, no description, no followers, 
1025834743, Vulkan108, Reasons: default, egghead, no description, 
2718217652, vonsolo1, Reasons: default, egghead, no description, 
2797582736, alexivanikov, Reasons: default, egghead, no description, 
2874835129, tagjwmjpamgm, Reasons: default, egghead, no description, 
1927645730, taciwejudika, Reasons: default, no description, no followers, 
1609716744, terpak84, Reasons: default, egghead, no description, no followers, 
718382893, gayokuno_miko, Reasons: default, egghead, no description, 
2730376370, Sada1525, Reasons: default, egghead, no description, no followers, 
2661927925, agest_ss, Reasons: default, egghead, no description, 
2606503436, xxfinal_fantasy, Reasons: default, egghead, no description, 
2875693082, anikitich65, Reasons: default, no description, no followers, 
386423467, bencabales, Reasons: default, egghead, no description, no followers, 
73790374, swa650, Reasons: egghead, no description, no followers, 
1190788219, blackmag85, Reasons: default, egghead, no description, no followers, 
231907214, HkanSderdahl, Reasons: default, no description, no followers, 
409292040, YRavilA, Reasons: default, egghead, no description, 
2827619118, Hiroto121888, Reasons: default, egghead, no description, no followers, 
1927542932, lesosigoseq, Reasons: default, no description, no followers, 
1628004270, lve0313, Reasons: default, egghead, no description, 
1100011820, abo_hoda93, Reasons: default, no description, no followers, 
2594808415, ponsuke_717, Reasons: default, egghead, no description, no followers, 
2749156846, pefyhuFi, Reasons: default, egghead, no description, 
464016406, wadamitsuyuki, Reasons: default, egghead, no description, 
82165221, Alegator9999, Reasons: default, egghead, no description, 
2881793330, okanogenpei, Reasons: default, egghead, no description, no followers, 
2303059076, Sabarikos, Reasons: default, egghead, no description, 
2735726528, marcus19007, Reasons: default, egghead, no description, no followers, 
2878067677, reo071700, Reasons: default, egghead, no description, 
2790969452, yychoe11, Reasons: default, no description, default, no description, 
2506672068, iniesta0130, Reasons: default, egghead, no description, 
1927634113, koqepifonija, Reasons: default, no description, no followers, 
2821292796, karapin_, Reasons: default, egghead, no description, 
2464673959, Auvizor, Reasons: default, egghead, no description, no followers, 
2797271400, loriprice2010, Reasons: default, egghead, no description, no followers, 
474856419, AlaaHghx, Reasons: default, no description, no followers, 
2802356896, EmreAkcealan11, Reasons: egghead, no description, 
2872338200, FazlaBir, Reasons: default, egghead, no description, 
408812003, GouthamVyasroim, Reasons: default, egghead, no description, 
446886438, Kazik005, Reasons: default, egghead, no description, no followers, 
2672180287, mamemame3, Reasons: default, egghead, no description, no followers, 
2745150205, gsiperrz, Reasons: default, egghead, no description, 
2656580727, owihavilko, Reasons: default, egghead, no description, 
1495364653, sergdio58, Reasons: default, egghead, no description, 
2787105357, diclecelik6328, Reasons: default, egghead, no description, 
2772577101, Igor0578, Reasons: default, egghead, no description, no followers, 
632929566, 512_Brooke, Reasons: default, egghead, no description, no followers, 
2665185864, unpopular964, Reasons: default, no description, no followers, 
960679520, 315Dasha, Reasons: default, egghead, no description, no followers, 
2787105045, semasaglam2337, Reasons: default, egghead, no description, 
2846550557, DeliKadabra, Reasons: default, egghead, no description, 
2787157426, salihacolak6964, Reasons: default, egghead, no description, 
705056749, 26inHappiness, Reasons: default, egghead, no description, 
2787129875, tuanabas1271, Reasons: default, egghead, no description, 
177131492, ITfan_, Reasons: default, egghead, no description, no followers, 
288331948, TMHS0025, Reasons: default, egghead, no description, no followers, 
2847574230, hyuruun, Reasons: default, egghead, no description, 
2350704082, ronSorens, Reasons: default, egghead, no description, 
