2839209873, Hilton0523, Reasons: default, egghead, no description, no followers, 
1927467324, nycokinoxuvu, Reasons: default, no description, no followers, 
2728257968, amontalvoaceve1, Reasons: default, egghead, no description, 
2559254857, 0505_iisuke, Reasons: default, egghead, no description, 
2594474292, 2007Qqrose, Reasons: default, egghead, no description, no followers, 
2476717033, taikiyuna0901, Reasons: default, egghead, no description, 
2333488945, MelaniRioa, Reasons: default, egghead, no description, 
1075439467, EvenmaMe, Reasons: default, no description, no followers, 
2381801226, ComplexoCQ, Reasons: default, egghead, no description, no followers, 
428416234, anast275, Reasons: default, egghead, no description, 
2319140371, m5143226, Reasons: default, egghead, no description, 
2444265841, Sskyfah1, Reasons: default, no description, no followers, 
2476182194, 78pinkylady, Reasons: default, no description, no followers, 
2849380066, 2626Sudeep, Reasons: default, egghead, no description, no followers, 
2191618326, 201308121bot, Reasons: default, egghead, no description, 
253556588, yun3376, Reasons: default, egghead, no description, no followers, 
1927552916, cowynysegexe, Reasons: default, no description, no followers, 
2754074677, okpaxjik76, Reasons: default, egghead, no description, 
2639143693, beneagle1461, Reasons: default, egghead, no description, 
2575067461, 1nn1, Reasons: default, no description, no followers, 
2880792138, _Saki01, Reasons: default, no description, no followers, 
2361053417, fein81, Reasons: default, egghead, no description, no followers, 
1218221888, atikdummy, Reasons: default, egghead, no followers, 
1326771847, PaulVihnicka, Reasons: default, egghead, no description, 
232450957, mikapyonn, Reasons: default, egghead, no description, no followers, 
2880353250, naturefestival1, Reasons: default, egghead, no description, 
2881603770, 9527w, Reasons: default, egghead, no description, no followers, 
2229286976, liku_gmail, Reasons: default, egghead, no description, 
2730820038, s2_CALPIS_s2, Reasons: default, no description, default, no description, 
2548682178, Leanna_8931, Reasons: default, egghead, no description, 
2761691681, ylyxaBroc, Reasons: default, egghead, no description, 
2429718079, ThomasTales, Reasons: default, egghead, no description, no followers, 
1103946422, natali3252, Reasons: default, egghead, no description, 
2281631605, sannpuru5, Reasons: default, egghead, no description, 
1168649676, Shimarena_bot, Reasons: default, default, default, default, 
617505443, kallpab, Reasons: default, egghead, no description, no followers, 
2337732230, yun4001a, Reasons: default, egghead, no description, 
1326172934, joselar15311715, Reasons: default, egghead, no description, 
1168649676, Shimarena_bot, Reasons: default, default, default, default, default, 
1168649676, Shimarena_bot, Reasons: default, default, default, default, default, default, 
2538002012, basma5565, Reasons: default, egghead, no description, 
610646587, KerPena, Reasons: default, egghead, no description, 
2662848444, up_0730, Reasons: default, egghead, no description, 
143693775, MIAMAVA, Reasons: default, egghead, no description, 
2825427055, a348122da, Reasons: default, egghead, no description, no followers, 
2331984877, NahuelPorceldPe, Reasons: default, egghead, no description, 
2754074677, okpaxjik76, Reasons: default, egghead, no description, 
2769781472, kkrtyyt_, Reasons: default, egghead, no description, 
1495106720, ChildersAshford, Reasons: default, egghead, no description, 
2711523384, se1ga, Reasons: default, default, 
2652409724, YourOfferz, Reasons: default, no description, default, no description, 
2671113006, moon___08, Reasons: default, no description, no followers, 
538863354, ayrin88, Reasons: default, egghead, no description, no followers, 
2875844504, 2rtHmPjdABaaj2v, Reasons: default, egghead, no description, 
920476825, lussi1213, Reasons: default, egghead, no description, no followers, 
2176062334, kirnosova123, Reasons: default, egghead, no description, 
362749037, RTWONITEOWLS, Reasons: default, egghead, no description, 
2875985077, 3xxns2o733a, Reasons: default, egghead, no description, no followers, 
305141080, Umka0612, Reasons: default, egghead, no description, 
2548593019, Gamm_91889, Reasons: default, egghead, no description, 
459704319, BLINDAJEN, Reasons: default, egghead, no description, 
2665881308, ostapenkomax2, Reasons: default, egghead, no description, no followers, 
1017908702, zakurko92, Reasons: default, egghead, no description, 
443196840, felix104116, Reasons: default, egghead, no description, 
363002817, ivsanek, Reasons: default, egghead, no description, 
1494866995, feelkomis1, Reasons: default, egghead, no description, no followers, 
2162472259, wertolet122, Reasons: default, egghead, no description, no followers, 
444664921, Admirall70, Reasons: default, egghead, no description, no followers, 
528162373, MaybellWhore867, Reasons: default, egghead, no description, 
2665097250, ka2011a11, Reasons: default, egghead, no description, 
1939686716, cetedinykuq, Reasons: default, no description, no followers, 
81221996, prabhuvinay, Reasons: default, egghead, no description, 
359579427, JRycheva, Reasons: default, egghead, no description, 
391536954, leskin_viktor, Reasons: default, egghead, no description, no followers, 
2749421352, fret11223451, Reasons: default, egghead, no description, 
2475739063, yarnmj, Reasons: default, egghead, no description, no followers, 
2324377760, quhube23047, Reasons: default, no description, default, no description, 
2791723214, _zet8_, Reasons: default, no description, default, no description, 
589784693, fruzman, Reasons: default, egghead, no description, 
2548484953, Gemma_abfr, Reasons: default, egghead, no description, 
533244731, STEVEMAYER3600, Reasons: default, egghead, no description, 
1455179863, BunchBridgette, Reasons: default, egghead, no description, no followers, 
2662848444, up_0730, Reasons: default, egghead, no description, 
2191612752, 201308117bot, Reasons: default, egghead, no description, 
2452833729, SdimaySteff, Reasons: default, egghead, no description, 
246806190, pervuha, Reasons: default, egghead, no description, no followers, 
229499049, FUCKAFRICANBABI, Reasons: default, egghead, no description, 
624535419, SashaTrachuk, Reasons: default, egghead, no description, no followers, 
2659745387, zik738, Reasons: default, egghead, no description, 
2364910050, a40858, Reasons: default, egghead, no description, no followers, 
1666800984, ggneet, Reasons: default, egghead, no description, no followers, 
355933160, kasper31975, Reasons: default, egghead, no description, 
2630838501, jutta_koroll, Reasons: default, egghead, no description, no followers, 
2785959628, bsiaas, Reasons: default, egghead, no description, 
1720294934, andreykorolkov2, Reasons: default, no description, no followers, 
197318882, zaradjohnson, Reasons: default, egghead, no description, no followers, 
2405399873, gurinenkogv, Reasons: default, egghead, no description, no followers, 
1119297722, roman40w, Reasons: default, egghead, no description, 
2780567256, Artk171, Reasons: default, egghead, no description, 
2658958675, s6652, Reasons: default, egghead, no description, 
2326502012, milenium234, Reasons: default, egghead, no description, 
2881072034, overdark__luhan, Reasons: default, egghead, no description, no followers, 
488365915, yuna3092, Reasons: default, egghead, no description, 
2301735361, OlgaSemernyya, Reasons: default, egghead, no description, 
2768568357, safroshkinavv, Reasons: default, egghead, no description, no followers, 
262084296, spartak1205, Reasons: default, egghead, no description, no followers, 
2299700245, true1131, Reasons: default, egghead, no description, 
2430237349, tema222h, Reasons: default, egghead, no description, no followers, 
631950395, alinka_guryeva, Reasons: no description, no description, 
194220634, jackmccart, Reasons: default, egghead, no description, 
556728424, eeegorov, Reasons: default, egghead, no description, 
2477368044, SadykovZhan, Reasons: default, egghead, no description, no followers, 
788783328, romv3, Reasons: default, egghead, no description, 
2615786670, Rentilen, Reasons: default, no description, no followers, 
1239879626, nadejda1021, Reasons: default, egghead, no description, 
894079868, oksana4570, Reasons: default, egghead, no description, 
492420207, Amoesmalte1, Reasons: egghead, no description, 
2288042637, bucha_83, Reasons: default, egghead, no description, no followers, 
2849403904, ah86engn, Reasons: default, egghead, no description, no followers, 
2680777848, itsjessicas16, Reasons: default, egghead, no description, 
1434844106, Krilova73Anna, Reasons: default, egghead, no description, 
2685115496, uxkqturxy, Reasons: default, no description, no followers, 
2868494809, sedori_technic, Reasons: default, egghead, no description, 
944313732, Zxx3000, Reasons: default, egghead, no description, 
362749037, RTWONITEOWLS, Reasons: default, egghead, no description, 
769792322, rainbowzeed, Reasons: default, no description, no followers, 
549469681, LYUDVIGAVAGYAN, Reasons: default, egghead, no description, no followers, 
2261280596, oioiyai, Reasons: default, egghead, no description, 
2358836726, veron1ka2407, Reasons: default, egghead, no description, 
2792014123, qwenkivy, Reasons: default, egghead, no description, 
2881135993, bader_saeed85, Reasons: default, egghead, 
2245658659, lapynenok1, Reasons: default, egghead, no description, 
2723412679, milky_cell, Reasons: default, egghead, no description, no followers, 
1095726708, xbox_08, Reasons: default, egghead, no description, no followers, 
2326557888, sparkkirov, Reasons: default, egghead, no description, no followers, 
490898371, aa9968, Reasons: default, no description, default, no description, 
2762653833, schofmann, Reasons: default, no description, no followers, 
1614708684, 62136Mario, Reasons: default, egghead, no description, no followers, 
476487964, olgaPimenova, Reasons: default, egghead, no description, 
2751261399, mucedacR, Reasons: default, egghead, no description, 
620011140, gimfare, Reasons: default, egghead, no description, 
2788656047, maxifer147, Reasons: default, no description, no followers, 
2601777014, miolment, Reasons: default, egghead, no description, no followers, 
2699427772, BrozekHille, Reasons: default, no description, no followers, 
2714359374, cosmosfreedom, Reasons: default, no description, no followers, 
399261916, krkmama, Reasons: default, egghead, no description, 
2781873808, ParsCod4419460, Reasons: default, egghead, no description, 
2477768857, xxx1223_smily, Reasons: default, egghead, no description, no followers, 
2586294271, moh1435r, Reasons: default, egghead, no description, 
2675060212, pljakvavera1, Reasons: default, no description, no followers, 
2732453705, Travellingjake, Reasons: default, egghead, no description, no followers, 
2326290628, lychagina_m, Reasons: default, egghead, no description, 
2782670824, _greenbirds, Reasons: default, egghead, no description, 
1244749892, dremad777, Reasons: default, egghead, no description, 
2345372652, pewmr, Reasons: default, egghead, no description, no followers, 
1603404138, SfHey, Reasons: default, egghead, no description, no followers, 
1487324804, tugolukova1, Reasons: default, egghead, no description, 
995327088, RICARDO00723745, Reasons: default, egghead, no description, 
895122654, ywj5419, Reasons: default, default, 
895122654, ywj5419, Reasons: default, default, default, 
2291384415, inna15215, Reasons: default, egghead, no description, no followers, 
501672854, _9820387608621, Reasons: default, egghead, no description, 
2793801942, 221water, Reasons: default, egghead, no description, 
2769891981, eugenecrubs, Reasons: default, egghead, no description, no followers, 
2564675809, asian7picsdaily, Reasons: default, egghead, no description, 
482963533, exclusivetip, Reasons: default, egghead, no description, 
2764069685, ketokKudva, Reasons: default, egghead, no description, 
1661812814, fxceol, Reasons: default, egghead, no description, 
1206716719, tanachka2008, Reasons: default, egghead, no description, 
2737976513, sadiol70al, Reasons: default, egghead, no description, 
386423467, bencabales, Reasons: default, egghead, no description, no followers, 
1346981340, belle_domingues, Reasons: default, no description, no followers, 
1614659317, karina88672538, Reasons: default, no description, no followers, 
2277496472, skakalskiy, Reasons: default, egghead, no description, 
2617054075, _DevilliuS_, Reasons: default, no description, no followers, 
187937061, kudrawka, Reasons: default, egghead, no description, no followers, 
1119960030, AtamniDoaa, Reasons: default, no description, no followers, 
125907867, cooldudekhan, Reasons: default, egghead, no description, 
2263964218, Abdullh_ag, Reasons: default, egghead, no description, no followers, 
1551169134, JayGaudani, Reasons: default, egghead, no description, 
1927652209, nypoqykebore, Reasons: default, no description, no followers, 
2841299374, afisvirginity, Reasons: default, egghead, no followers, 
2748208558, yqihaRos, Reasons: default, egghead, no description, 
1344422424, daymeran, Reasons: default, egghead, no description, 
2811330050, balabievdaulet, Reasons: default, egghead, no description, no followers, 
745016582, natalya_e70, Reasons: default, egghead, no description, 
120416844, deepaksahu81, Reasons: default, egghead, no description, 
33976758, lajuanaD, Reasons: default, egghead, no description, 
2540375007, AlbionTocco, Reasons: default, egghead, no description, no followers, 
2627884511, TontoDikeh_9ja, Reasons: default, egghead, no description, no followers, 
1588991821, abab4472, Reasons: default, egghead, no description, no followers, 
582080845, HotJourney30, Reasons: default, egghead, no description, 
728400638, tolgifresh, Reasons: default, egghead, no description, 
2846729889, onlinecasino115, Reasons: default, egghead, default, egghead, 
2561167422, rag_2nd, Reasons: default, no description, default, no description, 
2561167422, rag_2nd, Reasons: default, no description, default, no description, default, no description, 
1695925670, olbezborodo, Reasons: default, egghead, no description, no followers, 
2438532434, 31100009H, Reasons: default, egghead, no description, 
771628250, kkayya962, Reasons: egghead, no description, 
316584212, palpunsu, Reasons: default, egghead, 
970350914, vrez65_rvi, Reasons: default, egghead, no description, no followers, 
2674490408, xlkklxoo1, Reasons: default, egghead, no description, 
459026647, renata_kz, Reasons: default, egghead, no description, 
