2239655160, raminhojaty, Reasons: default, no description, 
992947926, em_em1910, Reasons: default, no description, 
2800840226, mjuyhnb1, Reasons: default, no description, 
2529442483, cherianfidy, Reasons: egghead, 
2336140868, bestopc18, Reasons: default, no followers, 
2388620480, red_dope_black, Reasons: default, no description, 
2849498482, takipetevlat, Reasons: default, egghead, 
2722888764, OBEHAQ, Reasons: default, no description, 
2603657833, iehebe82, Reasons: default, no description, 
2842608483, GardenSexy, Reasons: default, no description, 
940928580, ayabsy, Reasons: default, no description, 
630796455, Siow1__10, Reasons: default, no description, 
2831087729, q1zkwyt1ptg, Reasons: default, no followers, 
1172655732, serpilakyuz, Reasons: default, no description, 
270788615, fagahmigi, Reasons: egghead, no description, 
520299205, albdoor2_ffff, Reasons: default, no description, 
2822139836, _ilu5, Reasons: default, no description, 
1217609964, ThorndikeBoswor, Reasons: default, no description, 
2846908792, Amatour1, Reasons: default, no description, 
1622926770, antoaya, Reasons: default, no description, 
2785237351, lve_livelov, Reasons: default, no description, 
1527302712, LamLuy, Reasons: default, no description, 
2361638890, 22shshshs, Reasons: default, no description, 
2880733458, CrishBianca, Reasons: default, no description, 
2842763631, AlisSweety, Reasons: default, no description, 
2704870978, marouflydia, Reasons: default, no description, 
2412126997, Poin5ro0, Reasons: default, no description, 
2819864336, diima_Al0, Reasons: default, no description, 
1104053000, CMGJ82, Reasons: default, no description, 
534568565, troykburns, Reasons: default, no description, 
2533108752, YoongiePics, Reasons: default, no description, 
2848578887, JR1811mc, Reasons: default, 
2848358711, emJessy1, Reasons: default, no description, 
2829324006, Simone__Berg, Reasons: default, no description, 
447015343, sahilabrol1, Reasons: default, no description, 
79104324, jhengandacute, Reasons: default, no description, 
2305310928, AbmjjE, Reasons: default, no description, 
2842621534, RomaneSylvain, Reasons: default, 
2749153079, uzytykr, Reasons: default, no followers, 
789533684, __Sergey__1, Reasons: default, no description, 
2160536683, RubbensRobert, Reasons: no description, no followers, 
2781625306, buckley_elle, Reasons: default, no description, 
1495805340, jojo_Alref3i, Reasons: default, no description, 
2847684187, 0uru3, Reasons: default, no description, 
2181691286, conquest357tk, Reasons: default, no description, 
2842784393, SDaniela5, Reasons: default, no description, 
969053839, dr_nfh, Reasons: default, no description, 
2769524617, tagu_neko, Reasons: default, no description, 
1530857576, HaithamAziz3, Reasons: default, no description, 
2870327580, ownddr, Reasons: default, 
1709375780, qorakusyterevi, Reasons: default, no description, 
2276366160, shrlove1230, Reasons: default, 
2415874124, Nikael_Barateon, Reasons: default, 
335853440, WulandariPakrie, Reasons: default, no description, 
2277647563, chi_cyon8, Reasons: default, no description, 
2526456524, tufexuvefyv, Reasons: default, no description, 
2869646329, stukamers, Reasons: default, 
2881464936, kentarou0809222, Reasons: default, no followers, 
2651682620, N__sei__N, Reasons: no followers, 
292438778, milkiway777, Reasons: default, 
2477638765, hojemynuqux, Reasons: default, no description, 
385669435, oleg16031985, Reasons: default, no description, 
494259374, MiulkaMedvdekVc, Reasons: default, no description, 
549100852, Fradan1957, Reasons: default, no description, 
18270633, ahhthatswhy, Reasons: egghead, no description, 
2759449809, GocmenBeyza, Reasons: default, no description, 
868915213, bassam219, Reasons: default, no description, 
391506948, xermyl, Reasons: default, no description, 
2862553759, ousamaa547, Reasons: default, no description, 
2834114190, 51stkoohoo, Reasons: default, egghead, 
2611543592, oOkahopippi_kOo, Reasons: default, no description, 
1663497649, HaygreenUrsa, Reasons: default, no description, 
2228621407, MilfsMature, Reasons: egghead, no description, 
2492514637, hsalajmi36, Reasons: default, no description, 
2868167491, SRadriana1, Reasons: default, no description, 
2839370791, sdlhrq, Reasons: default, no description, 
2736984344, phon23162, Reasons: default, no description, 
