2781823815, ParsCod8161175, Reasons: default, egghead, no description, 
1133607571, abc55265, Reasons: default, egghead, no description, no followers, 
1927658809, wuzihawejup, Reasons: default, no description, no followers, 
2781874576, ParsCod5849513, Reasons: default, egghead, no description, 
2706692610, a51171617, Reasons: default, egghead, no description, 
2781822447, ParsCod3277758, Reasons: default, egghead, no description, 
2536418507, JUNGGIG0, Reasons: default, egghead, no description, 
1914159512, janissaissa, Reasons: default, no description, no followers, 
2465102814, 3aravsex, Reasons: default, egghead, no description, 
2258252264, Decos7, Reasons: default, egghead, no description, no followers, 
830643588, 1080805, Reasons: default, egghead, no description, 
737279851, PalazziJesica, Reasons: default, egghead, no description, 
483783244, mo999994, Reasons: default, egghead, no description, 
2881849495, tnqlsdl0505, Reasons: default, egghead, no description, 
151730270, st_anarchist, Reasons: default, egghead, no description, 
859483609, IanWinner1, Reasons: default, egghead, no description, 
431440808, Witalik899, Reasons: default, egghead, no description, 
481923113, vanyokl, Reasons: default, egghead, no description, 
2717512976, bad_boy_ssd, Reasons: default, egghead, no description, 
2583945726, gen238, Reasons: default, egghead, no description, no followers, 
436513020, kerrutis, Reasons: default, egghead, no description, 
2878963609, XPisanuporn, Reasons: default, no description, no followers, 
765583237, ayankar82, Reasons: default, egghead, no description, 
2565847447, funnycpicdaily, Reasons: default, egghead, no description, 
2184321885, SB00660789, Reasons: default, no description, no followers, 
148678923, GrappaVogel, Reasons: default, egghead, no description, 
313381835, santorina1984, Reasons: default, egghead, no description, 
505532991, vijaysdh7, Reasons: default, egghead, no description, 
